<application>
  <component name="CodeInsightSettings">
    <option name="ADD_UNAMBIGIOUS_IMPORTS_ON_THE_FLY" value="true" />
    <EXCLUDED_PACKAGE NAME="cn.hutool.db.Page" />
    <EXCLUDED_PACKAGE NAME="com.baomidou.mybatisplus.extension.plugins.pagination.Page" />
    <EXCLUDED_PACKAGE NAME="com.github.pagehelper.Page" />
    <EXCLUDED_PACKAGE NAME="java.awt.print.Pageable" />
    <EXCLUDED_PACKAGE NAME="net.minidev.json.annotate.JsonIgnore" />
    <EXCLUDED_PACKAGE NAME="org.springframework.boot.autoconfigure.data.web.SpringDataWebProperties.Pageable" />
  </component>
  <component name="DefaultFont">
    <option name="FONT_SIZE" value="16" />
  </component>
  <component name="EditorSettings">
    <option name="USE_SOFT_WRAPS" value="" />
  </component>
</application>