<application>
  <component name="ProjectJdkTable">
    <jdk version="2">
      <name value="corretto-11" />
      <type value="JavaSDK" />
      <version value="Amazon Corretto version 11.0.17" />
      <homePath value="$USER_HOME$/.jdks/corretto-11.0.17" />
      <roots>
        <annotationsPath>
          <root type="composite">
            <root url="jar://$APPLICATION_HOME_DIR$/plugins/java/lib/resources/jdkAnnotations.jar!/" type="simple" />
          </root>
        </annotationsPath>
        <classPath>
          <root type="composite">
            <root url="jrt://C:/Users/Administrator/.jdks/corretto-11.0.17!/java.base" type="simple" />
            <root url="jrt://C:/Users/Administrator/.jdks/corretto-11.0.17!/java.compiler" type="simple" />
            <root url="jrt://C:/Users/Administrator/.jdks/corretto-11.0.17!/java.datatransfer" type="simple" />
            <root url="jrt://C:/Users/Administrator/.jdks/corretto-11.0.17!/java.desktop" type="simple" />
            <root url="jrt://C:/Users/Administrator/.jdks/corretto-11.0.17!/java.instrument" type="simple" />
            <root url="jrt://C:/Users/Administrator/.jdks/corretto-11.0.17!/java.logging" type="simple" />
            <root url="jrt://C:/Users/Administrator/.jdks/corretto-11.0.17!/java.management" type="simple" />
            <root url="jrt://C:/Users/Administrator/.jdks/corretto-11.0.17!/java.management.rmi" type="simple" />
            <root url="jrt://C:/Users/Administrator/.jdks/corretto-11.0.17!/java.naming" type="simple" />
            <root url="jrt://C:/Users/Administrator/.jdks/corretto-11.0.17!/java.net.http" type="simple" />
            <root url="jrt://C:/Users/Administrator/.jdks/corretto-11.0.17!/java.prefs" type="simple" />
            <root url="jrt://C:/Users/Administrator/.jdks/corretto-11.0.17!/java.rmi" type="simple" />
            <root url="jrt://C:/Users/Administrator/.jdks/corretto-11.0.17!/java.scripting" type="simple" />
            <root url="jrt://C:/Users/Administrator/.jdks/corretto-11.0.17!/java.se" type="simple" />
            <root url="jrt://C:/Users/Administrator/.jdks/corretto-11.0.17!/java.security.jgss" type="simple" />
            <root url="jrt://C:/Users/Administrator/.jdks/corretto-11.0.17!/java.security.sasl" type="simple" />
            <root url="jrt://C:/Users/Administrator/.jdks/corretto-11.0.17!/java.smartcardio" type="simple" />
            <root url="jrt://C:/Users/Administrator/.jdks/corretto-11.0.17!/java.sql" type="simple" />
            <root url="jrt://C:/Users/Administrator/.jdks/corretto-11.0.17!/java.sql.rowset" type="simple" />
            <root url="jrt://C:/Users/Administrator/.jdks/corretto-11.0.17!/java.transaction.xa" type="simple" />
            <root url="jrt://C:/Users/Administrator/.jdks/corretto-11.0.17!/java.xml" type="simple" />
            <root url="jrt://C:/Users/Administrator/.jdks/corretto-11.0.17!/java.xml.crypto" type="simple" />
            <root url="jrt://C:/Users/Administrator/.jdks/corretto-11.0.17!/jdk.accessibility" type="simple" />
            <root url="jrt://C:/Users/Administrator/.jdks/corretto-11.0.17!/jdk.aot" type="simple" />
            <root url="jrt://C:/Users/Administrator/.jdks/corretto-11.0.17!/jdk.attach" type="simple" />
            <root url="jrt://C:/Users/Administrator/.jdks/corretto-11.0.17!/jdk.charsets" type="simple" />
            <root url="jrt://C:/Users/Administrator/.jdks/corretto-11.0.17!/jdk.compiler" type="simple" />
            <root url="jrt://C:/Users/Administrator/.jdks/corretto-11.0.17!/jdk.crypto.cryptoki" type="simple" />
            <root url="jrt://C:/Users/Administrator/.jdks/corretto-11.0.17!/jdk.crypto.ec" type="simple" />
            <root url="jrt://C:/Users/Administrator/.jdks/corretto-11.0.17!/jdk.crypto.mscapi" type="simple" />
            <root url="jrt://C:/Users/Administrator/.jdks/corretto-11.0.17!/jdk.dynalink" type="simple" />
            <root url="jrt://C:/Users/Administrator/.jdks/corretto-11.0.17!/jdk.editpad" type="simple" />
            <root url="jrt://C:/Users/Administrator/.jdks/corretto-11.0.17!/jdk.hotspot.agent" type="simple" />
            <root url="jrt://C:/Users/Administrator/.jdks/corretto-11.0.17!/jdk.httpserver" type="simple" />
            <root url="jrt://C:/Users/Administrator/.jdks/corretto-11.0.17!/jdk.internal.ed" type="simple" />
            <root url="jrt://C:/Users/Administrator/.jdks/corretto-11.0.17!/jdk.internal.jvmstat" type="simple" />
            <root url="jrt://C:/Users/Administrator/.jdks/corretto-11.0.17!/jdk.internal.le" type="simple" />
            <root url="jrt://C:/Users/Administrator/.jdks/corretto-11.0.17!/jdk.internal.opt" type="simple" />
            <root url="jrt://C:/Users/Administrator/.jdks/corretto-11.0.17!/jdk.internal.vm.ci" type="simple" />
            <root url="jrt://C:/Users/Administrator/.jdks/corretto-11.0.17!/jdk.internal.vm.compiler" type="simple" />
            <root url="jrt://C:/Users/Administrator/.jdks/corretto-11.0.17!/jdk.internal.vm.compiler.management" type="simple" />
            <root url="jrt://C:/Users/Administrator/.jdks/corretto-11.0.17!/jdk.jartool" type="simple" />
            <root url="jrt://C:/Users/Administrator/.jdks/corretto-11.0.17!/jdk.javadoc" type="simple" />
            <root url="jrt://C:/Users/Administrator/.jdks/corretto-11.0.17!/jdk.jcmd" type="simple" />
            <root url="jrt://C:/Users/Administrator/.jdks/corretto-11.0.17!/jdk.jconsole" type="simple" />
            <root url="jrt://C:/Users/Administrator/.jdks/corretto-11.0.17!/jdk.jdeps" type="simple" />
            <root url="jrt://C:/Users/Administrator/.jdks/corretto-11.0.17!/jdk.jdi" type="simple" />
            <root url="jrt://C:/Users/Administrator/.jdks/corretto-11.0.17!/jdk.jdwp.agent" type="simple" />
            <root url="jrt://C:/Users/Administrator/.jdks/corretto-11.0.17!/jdk.jfr" type="simple" />
            <root url="jrt://C:/Users/Administrator/.jdks/corretto-11.0.17!/jdk.jlink" type="simple" />
            <root url="jrt://C:/Users/Administrator/.jdks/corretto-11.0.17!/jdk.jshell" type="simple" />
            <root url="jrt://C:/Users/Administrator/.jdks/corretto-11.0.17!/jdk.jsobject" type="simple" />
            <root url="jrt://C:/Users/Administrator/.jdks/corretto-11.0.17!/jdk.jstatd" type="simple" />
            <root url="jrt://C:/Users/Administrator/.jdks/corretto-11.0.17!/jdk.localedata" type="simple" />
            <root url="jrt://C:/Users/Administrator/.jdks/corretto-11.0.17!/jdk.management" type="simple" />
            <root url="jrt://C:/Users/Administrator/.jdks/corretto-11.0.17!/jdk.management.agent" type="simple" />
            <root url="jrt://C:/Users/Administrator/.jdks/corretto-11.0.17!/jdk.management.jfr" type="simple" />
            <root url="jrt://C:/Users/Administrator/.jdks/corretto-11.0.17!/jdk.naming.dns" type="simple" />
            <root url="jrt://C:/Users/Administrator/.jdks/corretto-11.0.17!/jdk.naming.ldap" type="simple" />
            <root url="jrt://C:/Users/Administrator/.jdks/corretto-11.0.17!/jdk.naming.rmi" type="simple" />
            <root url="jrt://C:/Users/Administrator/.jdks/corretto-11.0.17!/jdk.net" type="simple" />
            <root url="jrt://C:/Users/Administrator/.jdks/corretto-11.0.17!/jdk.pack" type="simple" />
            <root url="jrt://C:/Users/Administrator/.jdks/corretto-11.0.17!/jdk.rmic" type="simple" />
            <root url="jrt://C:/Users/Administrator/.jdks/corretto-11.0.17!/jdk.scripting.nashorn" type="simple" />
            <root url="jrt://C:/Users/Administrator/.jdks/corretto-11.0.17!/jdk.scripting.nashorn.shell" type="simple" />
            <root url="jrt://C:/Users/Administrator/.jdks/corretto-11.0.17!/jdk.sctp" type="simple" />
            <root url="jrt://C:/Users/Administrator/.jdks/corretto-11.0.17!/jdk.security.auth" type="simple" />
            <root url="jrt://C:/Users/Administrator/.jdks/corretto-11.0.17!/jdk.security.jgss" type="simple" />
            <root url="jrt://C:/Users/Administrator/.jdks/corretto-11.0.17!/jdk.unsupported" type="simple" />
            <root url="jrt://C:/Users/Administrator/.jdks/corretto-11.0.17!/jdk.unsupported.desktop" type="simple" />
            <root url="jrt://C:/Users/Administrator/.jdks/corretto-11.0.17!/jdk.xml.dom" type="simple" />
            <root url="jrt://C:/Users/Administrator/.jdks/corretto-11.0.17!/jdk.zipfs" type="simple" />
          </root>
        </classPath>
        <javadocPath>
          <root type="composite" />
        </javadocPath>
        <sourcePath>
          <root type="composite">
            <root url="jar://$USER_HOME$/.jdks/corretto-11.0.17/lib/src.zip!/java.se" type="simple" />
            <root url="jar://$USER_HOME$/.jdks/corretto-11.0.17/lib/src.zip!/jdk.aot" type="simple" />
            <root url="jar://$USER_HOME$/.jdks/corretto-11.0.17/lib/src.zip!/jdk.jdi" type="simple" />
            <root url="jar://$USER_HOME$/.jdks/corretto-11.0.17/lib/src.zip!/jdk.jfr" type="simple" />
            <root url="jar://$USER_HOME$/.jdks/corretto-11.0.17/lib/src.zip!/jdk.net" type="simple" />
            <root url="jar://$USER_HOME$/.jdks/corretto-11.0.17/lib/src.zip!/java.rmi" type="simple" />
            <root url="jar://$USER_HOME$/.jdks/corretto-11.0.17/lib/src.zip!/java.sql" type="simple" />
            <root url="jar://$USER_HOME$/.jdks/corretto-11.0.17/lib/src.zip!/java.xml" type="simple" />
            <root url="jar://$USER_HOME$/.jdks/corretto-11.0.17/lib/src.zip!/jdk.jcmd" type="simple" />
            <root url="jar://$USER_HOME$/.jdks/corretto-11.0.17/lib/src.zip!/jdk.pack" type="simple" />
            <root url="jar://$USER_HOME$/.jdks/corretto-11.0.17/lib/src.zip!/jdk.rmic" type="simple" />
            <root url="jar://$USER_HOME$/.jdks/corretto-11.0.17/lib/src.zip!/jdk.sctp" type="simple" />
            <root url="jar://$USER_HOME$/.jdks/corretto-11.0.17/lib/src.zip!/java.base" type="simple" />
            <root url="jar://$USER_HOME$/.jdks/corretto-11.0.17/lib/src.zip!/jdk.jdeps" type="simple" />
            <root url="jar://$USER_HOME$/.jdks/corretto-11.0.17/lib/src.zip!/jdk.jlink" type="simple" />
            <root url="jar://$USER_HOME$/.jdks/corretto-11.0.17/lib/src.zip!/jdk.zipfs" type="simple" />
            <root url="jar://$USER_HOME$/.jdks/corretto-11.0.17/lib/src.zip!/java.prefs" type="simple" />
            <root url="jar://$USER_HOME$/.jdks/corretto-11.0.17/lib/src.zip!/jdk.attach" type="simple" />
            <root url="jar://$USER_HOME$/.jdks/corretto-11.0.17/lib/src.zip!/jdk.jshell" type="simple" />
            <root url="jar://$USER_HOME$/.jdks/corretto-11.0.17/lib/src.zip!/jdk.jstatd" type="simple" />
            <root url="jar://$USER_HOME$/.jdks/corretto-11.0.17/lib/src.zip!/java.naming" type="simple" />
            <root url="jar://$USER_HOME$/.jdks/corretto-11.0.17/lib/src.zip!/jdk.editpad" type="simple" />
            <root url="jar://$USER_HOME$/.jdks/corretto-11.0.17/lib/src.zip!/jdk.jartool" type="simple" />
            <root url="jar://$USER_HOME$/.jdks/corretto-11.0.17/lib/src.zip!/jdk.javadoc" type="simple" />
            <root url="jar://$USER_HOME$/.jdks/corretto-11.0.17/lib/src.zip!/jdk.xml.dom" type="simple" />
            <root url="jar://$USER_HOME$/.jdks/corretto-11.0.17/lib/src.zip!/java.desktop" type="simple" />
            <root url="jar://$USER_HOME$/.jdks/corretto-11.0.17/lib/src.zip!/java.logging" type="simple" />
            <root url="jar://$USER_HOME$/.jdks/corretto-11.0.17/lib/src.zip!/jdk.charsets" type="simple" />
            <root url="jar://$USER_HOME$/.jdks/corretto-11.0.17/lib/src.zip!/jdk.compiler" type="simple" />
            <root url="jar://$USER_HOME$/.jdks/corretto-11.0.17/lib/src.zip!/jdk.dynalink" type="simple" />
            <root url="jar://$USER_HOME$/.jdks/corretto-11.0.17/lib/src.zip!/jdk.jconsole" type="simple" />
            <root url="jar://$USER_HOME$/.jdks/corretto-11.0.17/lib/src.zip!/jdk.jsobject" type="simple" />
            <root url="jar://$USER_HOME$/.jdks/corretto-11.0.17/lib/src.zip!/java.compiler" type="simple" />
            <root url="jar://$USER_HOME$/.jdks/corretto-11.0.17/lib/src.zip!/java.net.http" type="simple" />
            <root url="jar://$USER_HOME$/.jdks/corretto-11.0.17/lib/src.zip!/jdk.crypto.ec" type="simple" />
            <root url="jar://$USER_HOME$/.jdks/corretto-11.0.17/lib/src.zip!/java.scripting" type="simple" />
            <root url="jar://$USER_HOME$/.jdks/corretto-11.0.17/lib/src.zip!/jdk.httpserver" type="simple" />
            <root url="jar://$USER_HOME$/.jdks/corretto-11.0.17/lib/src.zip!/jdk.jdwp.agent" type="simple" />
            <root url="jar://$USER_HOME$/.jdks/corretto-11.0.17/lib/src.zip!/jdk.localedata" type="simple" />
            <root url="jar://$USER_HOME$/.jdks/corretto-11.0.17/lib/src.zip!/jdk.management" type="simple" />
            <root url="jar://$USER_HOME$/.jdks/corretto-11.0.17/lib/src.zip!/jdk.naming.dns" type="simple" />
            <root url="jar://$USER_HOME$/.jdks/corretto-11.0.17/lib/src.zip!/jdk.naming.rmi" type="simple" />
            <root url="jar://$USER_HOME$/.jdks/corretto-11.0.17/lib/src.zip!/java.instrument" type="simple" />
            <root url="jar://$USER_HOME$/.jdks/corretto-11.0.17/lib/src.zip!/java.management" type="simple" />
            <root url="jar://$USER_HOME$/.jdks/corretto-11.0.17/lib/src.zip!/java.sql.rowset" type="simple" />
            <root url="jar://$USER_HOME$/.jdks/corretto-11.0.17/lib/src.zip!/java.xml.crypto" type="simple" />
            <root url="jar://$USER_HOME$/.jdks/corretto-11.0.17/lib/src.zip!/jdk.internal.ed" type="simple" />
            <root url="jar://$USER_HOME$/.jdks/corretto-11.0.17/lib/src.zip!/jdk.internal.le" type="simple" />
            <root url="jar://$USER_HOME$/.jdks/corretto-11.0.17/lib/src.zip!/jdk.naming.ldap" type="simple" />
            <root url="jar://$USER_HOME$/.jdks/corretto-11.0.17/lib/src.zip!/jdk.unsupported" type="simple" />
            <root url="jar://$USER_HOME$/.jdks/corretto-11.0.17/lib/src.zip!/java.smartcardio" type="simple" />
            <root url="jar://$USER_HOME$/.jdks/corretto-11.0.17/lib/src.zip!/jdk.internal.opt" type="simple" />
            <root url="jar://$USER_HOME$/.jdks/corretto-11.0.17/lib/src.zip!/java.datatransfer" type="simple" />
            <root url="jar://$USER_HOME$/.jdks/corretto-11.0.17/lib/src.zip!/jdk.accessibility" type="simple" />
            <root url="jar://$USER_HOME$/.jdks/corretto-11.0.17/lib/src.zip!/jdk.crypto.mscapi" type="simple" />
            <root url="jar://$USER_HOME$/.jdks/corretto-11.0.17/lib/src.zip!/jdk.hotspot.agent" type="simple" />
            <root url="jar://$USER_HOME$/.jdks/corretto-11.0.17/lib/src.zip!/jdk.security.auth" type="simple" />
            <root url="jar://$USER_HOME$/.jdks/corretto-11.0.17/lib/src.zip!/jdk.security.jgss" type="simple" />
            <root url="jar://$USER_HOME$/.jdks/corretto-11.0.17/lib/src.zip!/java.security.jgss" type="simple" />
            <root url="jar://$USER_HOME$/.jdks/corretto-11.0.17/lib/src.zip!/java.security.sasl" type="simple" />
            <root url="jar://$USER_HOME$/.jdks/corretto-11.0.17/lib/src.zip!/jdk.internal.vm.ci" type="simple" />
            <root url="jar://$USER_HOME$/.jdks/corretto-11.0.17/lib/src.zip!/jdk.management.jfr" type="simple" />
            <root url="jar://$USER_HOME$/.jdks/corretto-11.0.17/lib/src.zip!/java.management.rmi" type="simple" />
            <root url="jar://$USER_HOME$/.jdks/corretto-11.0.17/lib/src.zip!/java.transaction.xa" type="simple" />
            <root url="jar://$USER_HOME$/.jdks/corretto-11.0.17/lib/src.zip!/jdk.crypto.cryptoki" type="simple" />
            <root url="jar://$USER_HOME$/.jdks/corretto-11.0.17/lib/src.zip!/jdk.internal.jvmstat" type="simple" />
            <root url="jar://$USER_HOME$/.jdks/corretto-11.0.17/lib/src.zip!/jdk.management.agent" type="simple" />
            <root url="jar://$USER_HOME$/.jdks/corretto-11.0.17/lib/src.zip!/jdk.scripting.nashorn" type="simple" />
            <root url="jar://$USER_HOME$/.jdks/corretto-11.0.17/lib/src.zip!/jdk.unsupported.desktop" type="simple" />
            <root url="jar://$USER_HOME$/.jdks/corretto-11.0.17/lib/src.zip!/jdk.internal.vm.compiler" type="simple" />
            <root url="jar://$USER_HOME$/.jdks/corretto-11.0.17/lib/src.zip!/jdk.scripting.nashorn.shell" type="simple" />
            <root url="jar://$USER_HOME$/.jdks/corretto-11.0.17/lib/src.zip!/jdk.internal.vm.compiler.management" type="simple" />
          </root>
        </sourcePath>
      </roots>
      <additional />
    </jdk>
    <jdk version="2">
      <name value="corretto-1.8" />
      <type value="JavaSDK" />
      <version value="Amazon Corretto version 1.8.0_352" />
      <homePath value="$USER_HOME$/.jdks/corretto-1.8.0_352" />
      <roots>
        <annotationsPath>
          <root type="composite">
            <root url="jar://$APPLICATION_HOME_DIR$/plugins/java/lib/resources/jdkAnnotations.jar!/" type="simple" />
          </root>
        </annotationsPath>
        <classPath>
          <root type="composite">
            <root url="jar://$USER_HOME$/.jdks/corretto-1.8.0_352/jre/lib/charsets.jar!/" type="simple" />
            <root url="jar://$USER_HOME$/.jdks/corretto-1.8.0_352/jre/lib/ext/access-bridge-64.jar!/" type="simple" />
            <root url="jar://$USER_HOME$/.jdks/corretto-1.8.0_352/jre/lib/ext/cldrdata.jar!/" type="simple" />
            <root url="jar://$USER_HOME$/.jdks/corretto-1.8.0_352/jre/lib/ext/dnsns.jar!/" type="simple" />
            <root url="jar://$USER_HOME$/.jdks/corretto-1.8.0_352/jre/lib/ext/jaccess.jar!/" type="simple" />
            <root url="jar://$USER_HOME$/.jdks/corretto-1.8.0_352/jre/lib/ext/jfxrt.jar!/" type="simple" />
            <root url="jar://$USER_HOME$/.jdks/corretto-1.8.0_352/jre/lib/ext/localedata.jar!/" type="simple" />
            <root url="jar://$USER_HOME$/.jdks/corretto-1.8.0_352/jre/lib/ext/nashorn.jar!/" type="simple" />
            <root url="jar://$USER_HOME$/.jdks/corretto-1.8.0_352/jre/lib/ext/sunec.jar!/" type="simple" />
            <root url="jar://$USER_HOME$/.jdks/corretto-1.8.0_352/jre/lib/ext/sunjce_provider.jar!/" type="simple" />
            <root url="jar://$USER_HOME$/.jdks/corretto-1.8.0_352/jre/lib/ext/sunmscapi.jar!/" type="simple" />
            <root url="jar://$USER_HOME$/.jdks/corretto-1.8.0_352/jre/lib/ext/sunpkcs11.jar!/" type="simple" />
            <root url="jar://$USER_HOME$/.jdks/corretto-1.8.0_352/jre/lib/ext/zipfs.jar!/" type="simple" />
            <root url="jar://$USER_HOME$/.jdks/corretto-1.8.0_352/jre/lib/jce.jar!/" type="simple" />
            <root url="jar://$USER_HOME$/.jdks/corretto-1.8.0_352/jre/lib/jfr.jar!/" type="simple" />
            <root url="jar://$USER_HOME$/.jdks/corretto-1.8.0_352/jre/lib/jfxswt.jar!/" type="simple" />
            <root url="jar://$USER_HOME$/.jdks/corretto-1.8.0_352/jre/lib/jsse.jar!/" type="simple" />
            <root url="jar://$USER_HOME$/.jdks/corretto-1.8.0_352/jre/lib/management-agent.jar!/" type="simple" />
            <root url="jar://$USER_HOME$/.jdks/corretto-1.8.0_352/jre/lib/resources.jar!/" type="simple" />
            <root url="jar://$USER_HOME$/.jdks/corretto-1.8.0_352/jre/lib/rt.jar!/" type="simple" />
          </root>
        </classPath>
        <javadocPath>
          <root type="composite" />
        </javadocPath>
        <sourcePath>
          <root type="composite">
            <root url="jar://$USER_HOME$/.jdks/corretto-1.8.0_352/src.zip!/" type="simple" />
            <root url="jar://$USER_HOME$/.jdks/corretto-1.8.0_352/javafx-src.zip!/" type="simple" />
          </root>
        </sourcePath>
      </roots>
      <additional />
    </jdk>
    <jdk version="2">
      <name value="graalvm-11" />
      <type value="JavaSDK" />
      <version value="GraalVM version 11.0.17" />
      <homePath value="D:/graalvm-ce-java11-22.3.0" />
      <roots>
        <annotationsPath>
          <root type="composite">
            <root url="jar://$APPLICATION_HOME_DIR$/plugins/java/lib/resources/jdkAnnotations.jar!/" type="simple" />
          </root>
        </annotationsPath>
        <classPath>
          <root type="composite">
            <root url="jrt://D:/graalvm-ce-java11-22.3.0!/com.oracle.graal.graal_enterprise" type="simple" />
            <root url="jrt://D:/graalvm-ce-java11-22.3.0!/com.oracle.svm.svm_enterprise" type="simple" />
            <root url="jrt://D:/graalvm-ce-java11-22.3.0!/com.oracle.svm_enterprise.ml_dataset" type="simple" />
            <root url="jrt://D:/graalvm-ce-java11-22.3.0!/com.oracle.truffle.regex" type="simple" />
            <root url="jrt://D:/graalvm-ce-java11-22.3.0!/com.oracle.truffle.truffle_nfi" type="simple" />
            <root url="jrt://D:/graalvm-ce-java11-22.3.0!/com.oracle.truffle.truffle_nfi_libffi" type="simple" />
            <root url="jrt://D:/graalvm-ce-java11-22.3.0!/java.base" type="simple" />
            <root url="jrt://D:/graalvm-ce-java11-22.3.0!/java.compiler" type="simple" />
            <root url="jrt://D:/graalvm-ce-java11-22.3.0!/java.datatransfer" type="simple" />
            <root url="jrt://D:/graalvm-ce-java11-22.3.0!/java.desktop" type="simple" />
            <root url="jrt://D:/graalvm-ce-java11-22.3.0!/java.instrument" type="simple" />
            <root url="jrt://D:/graalvm-ce-java11-22.3.0!/java.logging" type="simple" />
            <root url="jrt://D:/graalvm-ce-java11-22.3.0!/java.management" type="simple" />
            <root url="jrt://D:/graalvm-ce-java11-22.3.0!/java.management.rmi" type="simple" />
            <root url="jrt://D:/graalvm-ce-java11-22.3.0!/java.naming" type="simple" />
            <root url="jrt://D:/graalvm-ce-java11-22.3.0!/java.net.http" type="simple" />
            <root url="jrt://D:/graalvm-ce-java11-22.3.0!/java.prefs" type="simple" />
            <root url="jrt://D:/graalvm-ce-java11-22.3.0!/java.rmi" type="simple" />
            <root url="jrt://D:/graalvm-ce-java11-22.3.0!/java.scripting" type="simple" />
            <root url="jrt://D:/graalvm-ce-java11-22.3.0!/java.se" type="simple" />
            <root url="jrt://D:/graalvm-ce-java11-22.3.0!/java.security.jgss" type="simple" />
            <root url="jrt://D:/graalvm-ce-java11-22.3.0!/java.security.sasl" type="simple" />
            <root url="jrt://D:/graalvm-ce-java11-22.3.0!/java.smartcardio" type="simple" />
            <root url="jrt://D:/graalvm-ce-java11-22.3.0!/java.sql" type="simple" />
            <root url="jrt://D:/graalvm-ce-java11-22.3.0!/java.sql.rowset" type="simple" />
            <root url="jrt://D:/graalvm-ce-java11-22.3.0!/java.transaction.xa" type="simple" />
            <root url="jrt://D:/graalvm-ce-java11-22.3.0!/java.xml" type="simple" />
            <root url="jrt://D:/graalvm-ce-java11-22.3.0!/java.xml.crypto" type="simple" />
            <root url="jrt://D:/graalvm-ce-java11-22.3.0!/jdk.accessibility" type="simple" />
            <root url="jrt://D:/graalvm-ce-java11-22.3.0!/jdk.attach" type="simple" />
            <root url="jrt://D:/graalvm-ce-java11-22.3.0!/jdk.charsets" type="simple" />
            <root url="jrt://D:/graalvm-ce-java11-22.3.0!/jdk.compiler" type="simple" />
            <root url="jrt://D:/graalvm-ce-java11-22.3.0!/jdk.crypto.cryptoki" type="simple" />
            <root url="jrt://D:/graalvm-ce-java11-22.3.0!/jdk.crypto.ec" type="simple" />
            <root url="jrt://D:/graalvm-ce-java11-22.3.0!/jdk.crypto.mscapi" type="simple" />
            <root url="jrt://D:/graalvm-ce-java11-22.3.0!/jdk.dynalink" type="simple" />
            <root url="jrt://D:/graalvm-ce-java11-22.3.0!/jdk.editpad" type="simple" />
            <root url="jrt://D:/graalvm-ce-java11-22.3.0!/jdk.hotspot.agent" type="simple" />
            <root url="jrt://D:/graalvm-ce-java11-22.3.0!/jdk.httpserver" type="simple" />
            <root url="jrt://D:/graalvm-ce-java11-22.3.0!/jdk.internal.ed" type="simple" />
            <root url="jrt://D:/graalvm-ce-java11-22.3.0!/jdk.internal.jvmstat" type="simple" />
            <root url="jrt://D:/graalvm-ce-java11-22.3.0!/jdk.internal.le" type="simple" />
            <root url="jrt://D:/graalvm-ce-java11-22.3.0!/jdk.internal.opt" type="simple" />
            <root url="jrt://D:/graalvm-ce-java11-22.3.0!/jdk.internal.vm.ci" type="simple" />
            <root url="jrt://D:/graalvm-ce-java11-22.3.0!/jdk.internal.vm.compiler" type="simple" />
            <root url="jrt://D:/graalvm-ce-java11-22.3.0!/jdk.internal.vm.compiler.management" type="simple" />
            <root url="jrt://D:/graalvm-ce-java11-22.3.0!/jdk.internal.vm.compiler.truffle.jfr" type="simple" />
            <root url="jrt://D:/graalvm-ce-java11-22.3.0!/jdk.jartool" type="simple" />
            <root url="jrt://D:/graalvm-ce-java11-22.3.0!/jdk.javadoc" type="simple" />
            <root url="jrt://D:/graalvm-ce-java11-22.3.0!/jdk.jcmd" type="simple" />
            <root url="jrt://D:/graalvm-ce-java11-22.3.0!/jdk.jconsole" type="simple" />
            <root url="jrt://D:/graalvm-ce-java11-22.3.0!/jdk.jdeps" type="simple" />
            <root url="jrt://D:/graalvm-ce-java11-22.3.0!/jdk.jdi" type="simple" />
            <root url="jrt://D:/graalvm-ce-java11-22.3.0!/jdk.jdwp.agent" type="simple" />
            <root url="jrt://D:/graalvm-ce-java11-22.3.0!/jdk.jfr" type="simple" />
            <root url="jrt://D:/graalvm-ce-java11-22.3.0!/jdk.jlink" type="simple" />
            <root url="jrt://D:/graalvm-ce-java11-22.3.0!/jdk.jshell" type="simple" />
            <root url="jrt://D:/graalvm-ce-java11-22.3.0!/jdk.jsobject" type="simple" />
            <root url="jrt://D:/graalvm-ce-java11-22.3.0!/jdk.jstatd" type="simple" />
            <root url="jrt://D:/graalvm-ce-java11-22.3.0!/jdk.localedata" type="simple" />
            <root url="jrt://D:/graalvm-ce-java11-22.3.0!/jdk.management" type="simple" />
            <root url="jrt://D:/graalvm-ce-java11-22.3.0!/jdk.management.agent" type="simple" />
            <root url="jrt://D:/graalvm-ce-java11-22.3.0!/jdk.management.jfr" type="simple" />
            <root url="jrt://D:/graalvm-ce-java11-22.3.0!/jdk.naming.dns" type="simple" />
            <root url="jrt://D:/graalvm-ce-java11-22.3.0!/jdk.naming.ldap" type="simple" />
            <root url="jrt://D:/graalvm-ce-java11-22.3.0!/jdk.naming.rmi" type="simple" />
            <root url="jrt://D:/graalvm-ce-java11-22.3.0!/jdk.net" type="simple" />
            <root url="jrt://D:/graalvm-ce-java11-22.3.0!/jdk.pack" type="simple" />
            <root url="jrt://D:/graalvm-ce-java11-22.3.0!/jdk.rmic" type="simple" />
            <root url="jrt://D:/graalvm-ce-java11-22.3.0!/jdk.scripting.nashorn" type="simple" />
            <root url="jrt://D:/graalvm-ce-java11-22.3.0!/jdk.scripting.nashorn.shell" type="simple" />
            <root url="jrt://D:/graalvm-ce-java11-22.3.0!/jdk.sctp" type="simple" />
            <root url="jrt://D:/graalvm-ce-java11-22.3.0!/jdk.security.auth" type="simple" />
            <root url="jrt://D:/graalvm-ce-java11-22.3.0!/jdk.security.jgss" type="simple" />
            <root url="jrt://D:/graalvm-ce-java11-22.3.0!/jdk.unsupported" type="simple" />
            <root url="jrt://D:/graalvm-ce-java11-22.3.0!/jdk.unsupported.desktop" type="simple" />
            <root url="jrt://D:/graalvm-ce-java11-22.3.0!/jdk.xml.dom" type="simple" />
            <root url="jrt://D:/graalvm-ce-java11-22.3.0!/jdk.zipfs" type="simple" />
            <root url="jrt://D:/graalvm-ce-java11-22.3.0!/org.graalvm.js.scriptengine" type="simple" />
            <root url="jrt://D:/graalvm-ce-java11-22.3.0!/org.graalvm.locator" type="simple" />
            <root url="jrt://D:/graalvm-ce-java11-22.3.0!/org.graalvm.nativeimage.llvm" type="simple" />
            <root url="jrt://D:/graalvm-ce-java11-22.3.0!/org.graalvm.sdk" type="simple" />
            <root url="jrt://D:/graalvm-ce-java11-22.3.0!/org.graalvm.truffle" type="simple" />
          </root>
        </classPath>
        <javadocPath>
          <root type="composite" />
        </javadocPath>
        <sourcePath>
          <root type="composite">
            <root url="jar://D:/graalvm-ce-java11-22.3.0/lib/src.zip!/java.se" type="simple" />
            <root url="jar://D:/graalvm-ce-java11-22.3.0/lib/src.zip!/jdk.jdi" type="simple" />
            <root url="jar://D:/graalvm-ce-java11-22.3.0/lib/src.zip!/jdk.jfr" type="simple" />
            <root url="jar://D:/graalvm-ce-java11-22.3.0/lib/src.zip!/jdk.net" type="simple" />
            <root url="jar://D:/graalvm-ce-java11-22.3.0/lib/src.zip!/java.rmi" type="simple" />
            <root url="jar://D:/graalvm-ce-java11-22.3.0/lib/src.zip!/java.sql" type="simple" />
            <root url="jar://D:/graalvm-ce-java11-22.3.0/lib/src.zip!/java.xml" type="simple" />
            <root url="jar://D:/graalvm-ce-java11-22.3.0/lib/src.zip!/jdk.jcmd" type="simple" />
            <root url="jar://D:/graalvm-ce-java11-22.3.0/lib/src.zip!/jdk.pack" type="simple" />
            <root url="jar://D:/graalvm-ce-java11-22.3.0/lib/src.zip!/jdk.rmic" type="simple" />
            <root url="jar://D:/graalvm-ce-java11-22.3.0/lib/src.zip!/jdk.sctp" type="simple" />
            <root url="jar://D:/graalvm-ce-java11-22.3.0/lib/src.zip!/java.base" type="simple" />
            <root url="jar://D:/graalvm-ce-java11-22.3.0/lib/src.zip!/jdk.jdeps" type="simple" />
            <root url="jar://D:/graalvm-ce-java11-22.3.0/lib/src.zip!/jdk.jlink" type="simple" />
            <root url="jar://D:/graalvm-ce-java11-22.3.0/lib/src.zip!/jdk.zipfs" type="simple" />
            <root url="jar://D:/graalvm-ce-java11-22.3.0/lib/src.zip!/java.prefs" type="simple" />
            <root url="jar://D:/graalvm-ce-java11-22.3.0/lib/src.zip!/jdk.attach" type="simple" />
            <root url="jar://D:/graalvm-ce-java11-22.3.0/lib/src.zip!/jdk.jshell" type="simple" />
            <root url="jar://D:/graalvm-ce-java11-22.3.0/lib/src.zip!/jdk.jstatd" type="simple" />
            <root url="jar://D:/graalvm-ce-java11-22.3.0/lib/src.zip!/java.naming" type="simple" />
            <root url="jar://D:/graalvm-ce-java11-22.3.0/lib/src.zip!/jdk.editpad" type="simple" />
            <root url="jar://D:/graalvm-ce-java11-22.3.0/lib/src.zip!/jdk.jartool" type="simple" />
            <root url="jar://D:/graalvm-ce-java11-22.3.0/lib/src.zip!/jdk.javadoc" type="simple" />
            <root url="jar://D:/graalvm-ce-java11-22.3.0/lib/src.zip!/jdk.xml.dom" type="simple" />
            <root url="jar://D:/graalvm-ce-java11-22.3.0/lib/src.zip!/java.desktop" type="simple" />
            <root url="jar://D:/graalvm-ce-java11-22.3.0/lib/src.zip!/java.logging" type="simple" />
            <root url="jar://D:/graalvm-ce-java11-22.3.0/lib/src.zip!/jdk.charsets" type="simple" />
            <root url="jar://D:/graalvm-ce-java11-22.3.0/lib/src.zip!/jdk.compiler" type="simple" />
            <root url="jar://D:/graalvm-ce-java11-22.3.0/lib/src.zip!/jdk.dynalink" type="simple" />
            <root url="jar://D:/graalvm-ce-java11-22.3.0/lib/src.zip!/jdk.jconsole" type="simple" />
            <root url="jar://D:/graalvm-ce-java11-22.3.0/lib/src.zip!/jdk.jsobject" type="simple" />
            <root url="jar://D:/graalvm-ce-java11-22.3.0/lib/src.zip!/java.compiler" type="simple" />
            <root url="jar://D:/graalvm-ce-java11-22.3.0/lib/src.zip!/java.net.http" type="simple" />
            <root url="jar://D:/graalvm-ce-java11-22.3.0/lib/src.zip!/jdk.crypto.ec" type="simple" />
            <root url="jar://D:/graalvm-ce-java11-22.3.0/lib/src.zip!/java.scripting" type="simple" />
            <root url="jar://D:/graalvm-ce-java11-22.3.0/lib/src.zip!/jdk.httpserver" type="simple" />
            <root url="jar://D:/graalvm-ce-java11-22.3.0/lib/src.zip!/jdk.jdwp.agent" type="simple" />
            <root url="jar://D:/graalvm-ce-java11-22.3.0/lib/src.zip!/jdk.localedata" type="simple" />
            <root url="jar://D:/graalvm-ce-java11-22.3.0/lib/src.zip!/jdk.management" type="simple" />
            <root url="jar://D:/graalvm-ce-java11-22.3.0/lib/src.zip!/jdk.naming.dns" type="simple" />
            <root url="jar://D:/graalvm-ce-java11-22.3.0/lib/src.zip!/jdk.naming.rmi" type="simple" />
            <root url="jar://D:/graalvm-ce-java11-22.3.0/lib/src.zip!/java.instrument" type="simple" />
            <root url="jar://D:/graalvm-ce-java11-22.3.0/lib/src.zip!/java.management" type="simple" />
            <root url="jar://D:/graalvm-ce-java11-22.3.0/lib/src.zip!/java.sql.rowset" type="simple" />
            <root url="jar://D:/graalvm-ce-java11-22.3.0/lib/src.zip!/java.xml.crypto" type="simple" />
            <root url="jar://D:/graalvm-ce-java11-22.3.0/lib/src.zip!/jdk.internal.ed" type="simple" />
            <root url="jar://D:/graalvm-ce-java11-22.3.0/lib/src.zip!/jdk.internal.le" type="simple" />
            <root url="jar://D:/graalvm-ce-java11-22.3.0/lib/src.zip!/jdk.naming.ldap" type="simple" />
            <root url="jar://D:/graalvm-ce-java11-22.3.0/lib/src.zip!/jdk.unsupported" type="simple" />
            <root url="jar://D:/graalvm-ce-java11-22.3.0/lib/src.zip!/org.graalvm.sdk" type="simple" />
            <root url="jar://D:/graalvm-ce-java11-22.3.0/lib/src.zip!/java.smartcardio" type="simple" />
            <root url="jar://D:/graalvm-ce-java11-22.3.0/lib/src.zip!/jdk.internal.opt" type="simple" />
            <root url="jar://D:/graalvm-ce-java11-22.3.0/lib/src.zip!/java.datatransfer" type="simple" />
            <root url="jar://D:/graalvm-ce-java11-22.3.0/lib/src.zip!/jdk.accessibility" type="simple" />
            <root url="jar://D:/graalvm-ce-java11-22.3.0/lib/src.zip!/jdk.crypto.mscapi" type="simple" />
            <root url="jar://D:/graalvm-ce-java11-22.3.0/lib/src.zip!/jdk.hotspot.agent" type="simple" />
            <root url="jar://D:/graalvm-ce-java11-22.3.0/lib/src.zip!/jdk.security.auth" type="simple" />
            <root url="jar://D:/graalvm-ce-java11-22.3.0/lib/src.zip!/jdk.security.jgss" type="simple" />
            <root url="jar://D:/graalvm-ce-java11-22.3.0/lib/src.zip!/java.security.jgss" type="simple" />
            <root url="jar://D:/graalvm-ce-java11-22.3.0/lib/src.zip!/java.security.sasl" type="simple" />
            <root url="jar://D:/graalvm-ce-java11-22.3.0/lib/src.zip!/jdk.internal.vm.ci" type="simple" />
            <root url="jar://D:/graalvm-ce-java11-22.3.0/lib/src.zip!/jdk.management.jfr" type="simple" />
            <root url="jar://D:/graalvm-ce-java11-22.3.0/lib/src.zip!/java.management.rmi" type="simple" />
            <root url="jar://D:/graalvm-ce-java11-22.3.0/lib/src.zip!/java.transaction.xa" type="simple" />
            <root url="jar://D:/graalvm-ce-java11-22.3.0/lib/src.zip!/jdk.crypto.cryptoki" type="simple" />
            <root url="jar://D:/graalvm-ce-java11-22.3.0/lib/src.zip!/org.graalvm.locator" type="simple" />
            <root url="jar://D:/graalvm-ce-java11-22.3.0/lib/src.zip!/org.graalvm.truffle" type="simple" />
            <root url="jar://D:/graalvm-ce-java11-22.3.0/lib/src.zip!/jdk.internal.jvmstat" type="simple" />
            <root url="jar://D:/graalvm-ce-java11-22.3.0/lib/src.zip!/jdk.management.agent" type="simple" />
            <root url="jar://D:/graalvm-ce-java11-22.3.0/lib/src.zip!/jdk.scripting.nashorn" type="simple" />
            <root url="jar://D:/graalvm-ce-java11-22.3.0/lib/src.zip!/jdk.unsupported.desktop" type="simple" />
            <root url="jar://D:/graalvm-ce-java11-22.3.0/lib/src.zip!/com.oracle.truffle.regex" type="simple" />
            <root url="jar://D:/graalvm-ce-java11-22.3.0/lib/src.zip!/jdk.internal.vm.compiler" type="simple" />
            <root url="jar://D:/graalvm-ce-java11-22.3.0/lib/src.zip!/jdk.scripting.nashorn.shell" type="simple" />
            <root url="jar://D:/graalvm-ce-java11-22.3.0/lib/src.zip!/org.graalvm.js.scriptengine" type="simple" />
            <root url="jar://D:/graalvm-ce-java11-22.3.0/lib/src.zip!/org.graalvm.nativeimage.llvm" type="simple" />
            <root url="jar://D:/graalvm-ce-java11-22.3.0/lib/src.zip!/com.oracle.svm.svm_enterprise" type="simple" />
            <root url="jar://D:/graalvm-ce-java11-22.3.0/lib/src.zip!/com.oracle.truffle.truffle_nfi" type="simple" />
            <root url="jar://D:/graalvm-ce-java11-22.3.0/lib/src.zip!/com.oracle.graal.graal_enterprise" type="simple" />
            <root url="jar://D:/graalvm-ce-java11-22.3.0/lib/src.zip!/jdk.internal.vm.compiler.management" type="simple" />
            <root url="jar://D:/graalvm-ce-java11-22.3.0/lib/src.zip!/com.oracle.svm_enterprise.ml_dataset" type="simple" />
            <root url="jar://D:/graalvm-ce-java11-22.3.0/lib/src.zip!/jdk.internal.vm.compiler.truffle.jfr" type="simple" />
            <root url="jar://D:/graalvm-ce-java11-22.3.0/lib/src.zip!/com.oracle.truffle.truffle_nfi_libffi" type="simple" />
          </root>
        </sourcePath>
      </roots>
      <additional />
    </jdk>
    <jdk version="2">
      <name value="openjdk-19" />
      <type value="JavaSDK" />
      <version value="Oracle OpenJDK version 19.0.2" />
      <homePath value="$USER_HOME$/.jdks/openjdk-19.0.2" />
      <roots>
        <annotationsPath>
          <root type="composite">
            <root url="jar://$APPLICATION_HOME_DIR$/plugins/java/lib/resources/jdkAnnotations.jar!/" type="simple" />
          </root>
        </annotationsPath>
        <classPath>
          <root type="composite">
            <root url="jrt://C:/Users/Administrator/.jdks/openjdk-19.0.2!/java.base" type="simple" />
            <root url="jrt://C:/Users/Administrator/.jdks/openjdk-19.0.2!/java.compiler" type="simple" />
            <root url="jrt://C:/Users/Administrator/.jdks/openjdk-19.0.2!/java.datatransfer" type="simple" />
            <root url="jrt://C:/Users/Administrator/.jdks/openjdk-19.0.2!/java.desktop" type="simple" />
            <root url="jrt://C:/Users/Administrator/.jdks/openjdk-19.0.2!/java.instrument" type="simple" />
            <root url="jrt://C:/Users/Administrator/.jdks/openjdk-19.0.2!/java.logging" type="simple" />
            <root url="jrt://C:/Users/Administrator/.jdks/openjdk-19.0.2!/java.management" type="simple" />
            <root url="jrt://C:/Users/Administrator/.jdks/openjdk-19.0.2!/java.management.rmi" type="simple" />
            <root url="jrt://C:/Users/Administrator/.jdks/openjdk-19.0.2!/java.naming" type="simple" />
            <root url="jrt://C:/Users/Administrator/.jdks/openjdk-19.0.2!/java.net.http" type="simple" />
            <root url="jrt://C:/Users/Administrator/.jdks/openjdk-19.0.2!/java.prefs" type="simple" />
            <root url="jrt://C:/Users/Administrator/.jdks/openjdk-19.0.2!/java.rmi" type="simple" />
            <root url="jrt://C:/Users/Administrator/.jdks/openjdk-19.0.2!/java.scripting" type="simple" />
            <root url="jrt://C:/Users/Administrator/.jdks/openjdk-19.0.2!/java.se" type="simple" />
            <root url="jrt://C:/Users/Administrator/.jdks/openjdk-19.0.2!/java.security.jgss" type="simple" />
            <root url="jrt://C:/Users/Administrator/.jdks/openjdk-19.0.2!/java.security.sasl" type="simple" />
            <root url="jrt://C:/Users/Administrator/.jdks/openjdk-19.0.2!/java.smartcardio" type="simple" />
            <root url="jrt://C:/Users/Administrator/.jdks/openjdk-19.0.2!/java.sql" type="simple" />
            <root url="jrt://C:/Users/Administrator/.jdks/openjdk-19.0.2!/java.sql.rowset" type="simple" />
            <root url="jrt://C:/Users/Administrator/.jdks/openjdk-19.0.2!/java.transaction.xa" type="simple" />
            <root url="jrt://C:/Users/Administrator/.jdks/openjdk-19.0.2!/java.xml" type="simple" />
            <root url="jrt://C:/Users/Administrator/.jdks/openjdk-19.0.2!/java.xml.crypto" type="simple" />
            <root url="jrt://C:/Users/Administrator/.jdks/openjdk-19.0.2!/jdk.accessibility" type="simple" />
            <root url="jrt://C:/Users/Administrator/.jdks/openjdk-19.0.2!/jdk.attach" type="simple" />
            <root url="jrt://C:/Users/Administrator/.jdks/openjdk-19.0.2!/jdk.charsets" type="simple" />
            <root url="jrt://C:/Users/Administrator/.jdks/openjdk-19.0.2!/jdk.compiler" type="simple" />
            <root url="jrt://C:/Users/Administrator/.jdks/openjdk-19.0.2!/jdk.crypto.cryptoki" type="simple" />
            <root url="jrt://C:/Users/Administrator/.jdks/openjdk-19.0.2!/jdk.crypto.ec" type="simple" />
            <root url="jrt://C:/Users/Administrator/.jdks/openjdk-19.0.2!/jdk.crypto.mscapi" type="simple" />
            <root url="jrt://C:/Users/Administrator/.jdks/openjdk-19.0.2!/jdk.dynalink" type="simple" />
            <root url="jrt://C:/Users/Administrator/.jdks/openjdk-19.0.2!/jdk.editpad" type="simple" />
            <root url="jrt://C:/Users/Administrator/.jdks/openjdk-19.0.2!/jdk.hotspot.agent" type="simple" />
            <root url="jrt://C:/Users/Administrator/.jdks/openjdk-19.0.2!/jdk.httpserver" type="simple" />
            <root url="jrt://C:/Users/Administrator/.jdks/openjdk-19.0.2!/jdk.incubator.concurrent" type="simple" />
            <root url="jrt://C:/Users/Administrator/.jdks/openjdk-19.0.2!/jdk.incubator.vector" type="simple" />
            <root url="jrt://C:/Users/Administrator/.jdks/openjdk-19.0.2!/jdk.internal.ed" type="simple" />
            <root url="jrt://C:/Users/Administrator/.jdks/openjdk-19.0.2!/jdk.internal.jvmstat" type="simple" />
            <root url="jrt://C:/Users/Administrator/.jdks/openjdk-19.0.2!/jdk.internal.le" type="simple" />
            <root url="jrt://C:/Users/Administrator/.jdks/openjdk-19.0.2!/jdk.internal.opt" type="simple" />
            <root url="jrt://C:/Users/Administrator/.jdks/openjdk-19.0.2!/jdk.internal.vm.ci" type="simple" />
            <root url="jrt://C:/Users/Administrator/.jdks/openjdk-19.0.2!/jdk.internal.vm.compiler" type="simple" />
            <root url="jrt://C:/Users/Administrator/.jdks/openjdk-19.0.2!/jdk.internal.vm.compiler.management" type="simple" />
            <root url="jrt://C:/Users/Administrator/.jdks/openjdk-19.0.2!/jdk.jartool" type="simple" />
            <root url="jrt://C:/Users/Administrator/.jdks/openjdk-19.0.2!/jdk.javadoc" type="simple" />
            <root url="jrt://C:/Users/Administrator/.jdks/openjdk-19.0.2!/jdk.jcmd" type="simple" />
            <root url="jrt://C:/Users/Administrator/.jdks/openjdk-19.0.2!/jdk.jconsole" type="simple" />
            <root url="jrt://C:/Users/Administrator/.jdks/openjdk-19.0.2!/jdk.jdeps" type="simple" />
            <root url="jrt://C:/Users/Administrator/.jdks/openjdk-19.0.2!/jdk.jdi" type="simple" />
            <root url="jrt://C:/Users/Administrator/.jdks/openjdk-19.0.2!/jdk.jdwp.agent" type="simple" />
            <root url="jrt://C:/Users/Administrator/.jdks/openjdk-19.0.2!/jdk.jfr" type="simple" />
            <root url="jrt://C:/Users/Administrator/.jdks/openjdk-19.0.2!/jdk.jlink" type="simple" />
            <root url="jrt://C:/Users/Administrator/.jdks/openjdk-19.0.2!/jdk.jpackage" type="simple" />
            <root url="jrt://C:/Users/Administrator/.jdks/openjdk-19.0.2!/jdk.jshell" type="simple" />
            <root url="jrt://C:/Users/Administrator/.jdks/openjdk-19.0.2!/jdk.jsobject" type="simple" />
            <root url="jrt://C:/Users/Administrator/.jdks/openjdk-19.0.2!/jdk.jstatd" type="simple" />
            <root url="jrt://C:/Users/Administrator/.jdks/openjdk-19.0.2!/jdk.localedata" type="simple" />
            <root url="jrt://C:/Users/Administrator/.jdks/openjdk-19.0.2!/jdk.management" type="simple" />
            <root url="jrt://C:/Users/Administrator/.jdks/openjdk-19.0.2!/jdk.management.agent" type="simple" />
            <root url="jrt://C:/Users/Administrator/.jdks/openjdk-19.0.2!/jdk.management.jfr" type="simple" />
            <root url="jrt://C:/Users/Administrator/.jdks/openjdk-19.0.2!/jdk.naming.dns" type="simple" />
            <root url="jrt://C:/Users/Administrator/.jdks/openjdk-19.0.2!/jdk.naming.rmi" type="simple" />
            <root url="jrt://C:/Users/Administrator/.jdks/openjdk-19.0.2!/jdk.net" type="simple" />
            <root url="jrt://C:/Users/Administrator/.jdks/openjdk-19.0.2!/jdk.nio.mapmode" type="simple" />
            <root url="jrt://C:/Users/Administrator/.jdks/openjdk-19.0.2!/jdk.random" type="simple" />
            <root url="jrt://C:/Users/Administrator/.jdks/openjdk-19.0.2!/jdk.sctp" type="simple" />
            <root url="jrt://C:/Users/Administrator/.jdks/openjdk-19.0.2!/jdk.security.auth" type="simple" />
            <root url="jrt://C:/Users/Administrator/.jdks/openjdk-19.0.2!/jdk.security.jgss" type="simple" />
            <root url="jrt://C:/Users/Administrator/.jdks/openjdk-19.0.2!/jdk.unsupported" type="simple" />
            <root url="jrt://C:/Users/Administrator/.jdks/openjdk-19.0.2!/jdk.unsupported.desktop" type="simple" />
            <root url="jrt://C:/Users/Administrator/.jdks/openjdk-19.0.2!/jdk.xml.dom" type="simple" />
            <root url="jrt://C:/Users/Administrator/.jdks/openjdk-19.0.2!/jdk.zipfs" type="simple" />
          </root>
        </classPath>
        <javadocPath>
          <root type="composite" />
        </javadocPath>
        <sourcePath>
          <root type="composite">
            <root url="jar://$USER_HOME$/.jdks/openjdk-19.0.2/lib/src.zip!/java.se" type="simple" />
            <root url="jar://$USER_HOME$/.jdks/openjdk-19.0.2/lib/src.zip!/jdk.jdi" type="simple" />
            <root url="jar://$USER_HOME$/.jdks/openjdk-19.0.2/lib/src.zip!/jdk.jfr" type="simple" />
            <root url="jar://$USER_HOME$/.jdks/openjdk-19.0.2/lib/src.zip!/jdk.net" type="simple" />
            <root url="jar://$USER_HOME$/.jdks/openjdk-19.0.2/lib/src.zip!/java.rmi" type="simple" />
            <root url="jar://$USER_HOME$/.jdks/openjdk-19.0.2/lib/src.zip!/java.sql" type="simple" />
            <root url="jar://$USER_HOME$/.jdks/openjdk-19.0.2/lib/src.zip!/java.xml" type="simple" />
            <root url="jar://$USER_HOME$/.jdks/openjdk-19.0.2/lib/src.zip!/jdk.jcmd" type="simple" />
            <root url="jar://$USER_HOME$/.jdks/openjdk-19.0.2/lib/src.zip!/jdk.sctp" type="simple" />
            <root url="jar://$USER_HOME$/.jdks/openjdk-19.0.2/lib/src.zip!/java.base" type="simple" />
            <root url="jar://$USER_HOME$/.jdks/openjdk-19.0.2/lib/src.zip!/jdk.jdeps" type="simple" />
            <root url="jar://$USER_HOME$/.jdks/openjdk-19.0.2/lib/src.zip!/jdk.jlink" type="simple" />
            <root url="jar://$USER_HOME$/.jdks/openjdk-19.0.2/lib/src.zip!/jdk.zipfs" type="simple" />
            <root url="jar://$USER_HOME$/.jdks/openjdk-19.0.2/lib/src.zip!/java.prefs" type="simple" />
            <root url="jar://$USER_HOME$/.jdks/openjdk-19.0.2/lib/src.zip!/jdk.attach" type="simple" />
            <root url="jar://$USER_HOME$/.jdks/openjdk-19.0.2/lib/src.zip!/jdk.jshell" type="simple" />
            <root url="jar://$USER_HOME$/.jdks/openjdk-19.0.2/lib/src.zip!/jdk.jstatd" type="simple" />
            <root url="jar://$USER_HOME$/.jdks/openjdk-19.0.2/lib/src.zip!/jdk.random" type="simple" />
            <root url="jar://$USER_HOME$/.jdks/openjdk-19.0.2/lib/src.zip!/java.naming" type="simple" />
            <root url="jar://$USER_HOME$/.jdks/openjdk-19.0.2/lib/src.zip!/jdk.editpad" type="simple" />
            <root url="jar://$USER_HOME$/.jdks/openjdk-19.0.2/lib/src.zip!/jdk.jartool" type="simple" />
            <root url="jar://$USER_HOME$/.jdks/openjdk-19.0.2/lib/src.zip!/jdk.javadoc" type="simple" />
            <root url="jar://$USER_HOME$/.jdks/openjdk-19.0.2/lib/src.zip!/jdk.xml.dom" type="simple" />
            <root url="jar://$USER_HOME$/.jdks/openjdk-19.0.2/lib/src.zip!/java.desktop" type="simple" />
            <root url="jar://$USER_HOME$/.jdks/openjdk-19.0.2/lib/src.zip!/java.logging" type="simple" />
            <root url="jar://$USER_HOME$/.jdks/openjdk-19.0.2/lib/src.zip!/jdk.charsets" type="simple" />
            <root url="jar://$USER_HOME$/.jdks/openjdk-19.0.2/lib/src.zip!/jdk.compiler" type="simple" />
            <root url="jar://$USER_HOME$/.jdks/openjdk-19.0.2/lib/src.zip!/jdk.dynalink" type="simple" />
            <root url="jar://$USER_HOME$/.jdks/openjdk-19.0.2/lib/src.zip!/jdk.jconsole" type="simple" />
            <root url="jar://$USER_HOME$/.jdks/openjdk-19.0.2/lib/src.zip!/jdk.jpackage" type="simple" />
            <root url="jar://$USER_HOME$/.jdks/openjdk-19.0.2/lib/src.zip!/jdk.jsobject" type="simple" />
            <root url="jar://$USER_HOME$/.jdks/openjdk-19.0.2/lib/src.zip!/java.compiler" type="simple" />
            <root url="jar://$USER_HOME$/.jdks/openjdk-19.0.2/lib/src.zip!/java.net.http" type="simple" />
            <root url="jar://$USER_HOME$/.jdks/openjdk-19.0.2/lib/src.zip!/jdk.crypto.ec" type="simple" />
            <root url="jar://$USER_HOME$/.jdks/openjdk-19.0.2/lib/src.zip!/java.scripting" type="simple" />
            <root url="jar://$USER_HOME$/.jdks/openjdk-19.0.2/lib/src.zip!/jdk.httpserver" type="simple" />
            <root url="jar://$USER_HOME$/.jdks/openjdk-19.0.2/lib/src.zip!/jdk.jdwp.agent" type="simple" />
            <root url="jar://$USER_HOME$/.jdks/openjdk-19.0.2/lib/src.zip!/jdk.localedata" type="simple" />
            <root url="jar://$USER_HOME$/.jdks/openjdk-19.0.2/lib/src.zip!/jdk.management" type="simple" />
            <root url="jar://$USER_HOME$/.jdks/openjdk-19.0.2/lib/src.zip!/jdk.naming.dns" type="simple" />
            <root url="jar://$USER_HOME$/.jdks/openjdk-19.0.2/lib/src.zip!/jdk.naming.rmi" type="simple" />
            <root url="jar://$USER_HOME$/.jdks/openjdk-19.0.2/lib/src.zip!/java.instrument" type="simple" />
            <root url="jar://$USER_HOME$/.jdks/openjdk-19.0.2/lib/src.zip!/java.management" type="simple" />
            <root url="jar://$USER_HOME$/.jdks/openjdk-19.0.2/lib/src.zip!/java.sql.rowset" type="simple" />
            <root url="jar://$USER_HOME$/.jdks/openjdk-19.0.2/lib/src.zip!/java.xml.crypto" type="simple" />
            <root url="jar://$USER_HOME$/.jdks/openjdk-19.0.2/lib/src.zip!/jdk.internal.ed" type="simple" />
            <root url="jar://$USER_HOME$/.jdks/openjdk-19.0.2/lib/src.zip!/jdk.internal.le" type="simple" />
            <root url="jar://$USER_HOME$/.jdks/openjdk-19.0.2/lib/src.zip!/jdk.nio.mapmode" type="simple" />
            <root url="jar://$USER_HOME$/.jdks/openjdk-19.0.2/lib/src.zip!/jdk.unsupported" type="simple" />
            <root url="jar://$USER_HOME$/.jdks/openjdk-19.0.2/lib/src.zip!/java.smartcardio" type="simple" />
            <root url="jar://$USER_HOME$/.jdks/openjdk-19.0.2/lib/src.zip!/jdk.internal.opt" type="simple" />
            <root url="jar://$USER_HOME$/.jdks/openjdk-19.0.2/lib/src.zip!/java.datatransfer" type="simple" />
            <root url="jar://$USER_HOME$/.jdks/openjdk-19.0.2/lib/src.zip!/jdk.accessibility" type="simple" />
            <root url="jar://$USER_HOME$/.jdks/openjdk-19.0.2/lib/src.zip!/jdk.crypto.mscapi" type="simple" />
            <root url="jar://$USER_HOME$/.jdks/openjdk-19.0.2/lib/src.zip!/jdk.hotspot.agent" type="simple" />
            <root url="jar://$USER_HOME$/.jdks/openjdk-19.0.2/lib/src.zip!/jdk.security.auth" type="simple" />
            <root url="jar://$USER_HOME$/.jdks/openjdk-19.0.2/lib/src.zip!/jdk.security.jgss" type="simple" />
            <root url="jar://$USER_HOME$/.jdks/openjdk-19.0.2/lib/src.zip!/java.security.jgss" type="simple" />
            <root url="jar://$USER_HOME$/.jdks/openjdk-19.0.2/lib/src.zip!/java.security.sasl" type="simple" />
            <root url="jar://$USER_HOME$/.jdks/openjdk-19.0.2/lib/src.zip!/jdk.internal.vm.ci" type="simple" />
            <root url="jar://$USER_HOME$/.jdks/openjdk-19.0.2/lib/src.zip!/jdk.management.jfr" type="simple" />
            <root url="jar://$USER_HOME$/.jdks/openjdk-19.0.2/lib/src.zip!/java.management.rmi" type="simple" />
            <root url="jar://$USER_HOME$/.jdks/openjdk-19.0.2/lib/src.zip!/java.transaction.xa" type="simple" />
            <root url="jar://$USER_HOME$/.jdks/openjdk-19.0.2/lib/src.zip!/jdk.crypto.cryptoki" type="simple" />
            <root url="jar://$USER_HOME$/.jdks/openjdk-19.0.2/lib/src.zip!/jdk.incubator.vector" type="simple" />
            <root url="jar://$USER_HOME$/.jdks/openjdk-19.0.2/lib/src.zip!/jdk.internal.jvmstat" type="simple" />
            <root url="jar://$USER_HOME$/.jdks/openjdk-19.0.2/lib/src.zip!/jdk.management.agent" type="simple" />
            <root url="jar://$USER_HOME$/.jdks/openjdk-19.0.2/lib/src.zip!/jdk.unsupported.desktop" type="simple" />
            <root url="jar://$USER_HOME$/.jdks/openjdk-19.0.2/lib/src.zip!/jdk.incubator.concurrent" type="simple" />
            <root url="jar://$USER_HOME$/.jdks/openjdk-19.0.2/lib/src.zip!/jdk.internal.vm.compiler" type="simple" />
            <root url="jar://$USER_HOME$/.jdks/openjdk-19.0.2/lib/src.zip!/jdk.internal.vm.compiler.management" type="simple" />
          </root>
        </sourcePath>
      </roots>
      <additional />
    </jdk>
  </component>
</application>