<application>
  <component name="ProjectManager">
    <defaultProject>
      <component name="Encoding">
        <file url="PROJECT" charset="UTF-8" />
      </component>
      <component name="InspectionProjectProfileManager">
        <option name="PROJECT_PROFILE" />
        <version value="1.0" />
      </component>
      <component name="NodePackageJsonFileManager">
        <packageJsonPaths />
      </component>
      <component name="PhpDebugGeneral" xdebug_debug_port="9001" max_simultaneous_connections="3" xdebug_force_break_when_no_path_mapping="false" xdebug_force_break_when_outside_project="false" />
      <component name="PhpProjectSharedConfiguration" php_language_level="7.2" />
      <component name="PhpUnit">
        <phpunit_settings>
          <PhpUnitSettings />
        </phpunit_settings>
      </component>
      <component name="PhpWorkspaceProjectConfiguration" backward_compatibility_performed="true" />
      <component name="ProjectInspectionProfilesVisibleTreeState">
        <entry key="Project Default">
          <profile-state>
            <expanded-state>
              <State>
                <id />
              </State>
              <State>
                <id>Bitwise operation issuesJavaScript</id>
              </State>
              <State>
                <id>CSS</id>
              </State>
              <State>
                <id>Code quality toolsJavaScript</id>
              </State>
              <State>
                <id>Code style issuesJavaScript</id>
              </State>
              <State>
                <id>CoffeeScript</id>
              </State>
              <State>
                <id>Control flow issuesJavaScript</id>
              </State>
              <State>
                <id>Data flow issuesJavaScript</id>
              </State>
              <State>
                <id>Error handlingJavaScript</id>
              </State>
              <State>
                <id>General</id>
              </State>
              <State>
                <id>GeneralCoffeeScript</id>
              </State>
              <State>
                <id>GeneralJavaScript</id>
              </State>
              <State>
                <id>GeneralPHP</id>
              </State>
              <State>
                <id>HAML</id>
              </State>
              <State>
                <id>HTML</id>
              </State>
              <State>
                <id>Ini Files</id>
              </State>
              <State>
                <id>Invalid elementsCSS</id>
              </State>
              <State>
                <id>JSON</id>
              </State>
              <State>
                <id>JavaScript</id>
              </State>
              <State>
                <id>PHP</id>
              </State>
              <State>
                <id>PHPDocPHP</id>
              </State>
              <State>
                <id>Potentially confusing code constructsJavaScript</id>
              </State>
              <State>
                <id>Probable bugsCoffeeScript</id>
              </State>
              <State>
                <id>Probable bugsJavaScript</id>
              </State>
              <State>
                <id>Probable bugsPHP</id>
              </State>
              <State>
                <id>RELAX NG</id>
              </State>
              <State>
                <id>SQL</id>
              </State>
              <State>
                <id>UndefinedPHP</id>
              </State>
              <State>
                <id>UnusedPHP</id>
              </State>
              <State>
                <id>XML</id>
              </State>
              <State>
                <id>XPath</id>
              </State>
              <State>
                <id>XSLT</id>
              </State>
            </expanded-state>
          </profile-state>
        </entry>
      </component>
      <component name="PropertiesComponent">
        <property name="nodejs_interpreter_path.stuck_in_default_project" value="undefined stuck path" />
        <property name="nodejs_npm_path_reset_for_default_project" value="true" />
        <property name="settings.editor.selected.configurable" value="reference.webide.settings.project.settings.php" />
      </component>
      <component name="SvnConfiguration">
        <configuration>C:\Users\Administrator\AppData\Roaming\Subversion</configuration>
      </component>
      <component name="VcsContentAnnotationSettings">
        <option name="myLimit" value="2678400000" />
      </component>
      <component name="masterDetails">
        <states>
          <state key="ScopeChooserConfigurable.UI">
            <settings>
              <splitter-proportions>
                <option name="proportions">
                  <list>
                    <option value="0.2" />
                  </list>
                </option>
              </splitter-proportions>
            </settings>
          </state>
        </states>
      </component>
    </defaultProject>
  </component>
</application>