<application>
  <component name="SshConfigs">
    <configs>
      <sshConfig authType="PASSWORD" connectionConfig="{&quot;serverAliveInterval&quot;:300}" host="192.168.1.102" id="b3c2b790-e764-43e7-ac43-35270d43e7f3" port="22" customName="vagrant" nameFormat="CUSTOM" username="root" useOpenSSHConfig="true">
        <option name="customName" value="vagrant" />
      </sshConfig>
      <sshConfig authType="PASSWORD" connectionConfig="{&quot;serverAliveInterval&quot;:300}" host="192.168.24.139" id="f119d612-0694-432e-8fb4-74984a1362df" port="22" customName="app" nameFormat="CUSTOM" username="root" useOpenSSHConfig="true">
        <option name="customName" value="app" />
      </sshConfig>
    </configs>
  </component>
</application>