<application>
  <component name="WebServers">
    <option name="servers">
      <webServer id="426d7dd2-f304-43c9-be8c-c75d1dfb70a4" name="pub" url="http://localhost">
        <fileTransfer rootFolder="/opt/data/k8s" accessType="SFTP" host="192.168.1.102" port="22" sshConfigId="b3c2b790-e764-43e7-ac43-35270d43e7f3" sshConfig="vagrant" username="root" password="dfdcdfcbdfcddfd8dfcbdfc4dfde">
          <advancedOptions>
            <advancedOptions dataProtectionLevel="Private" />
          </advancedOptions>
        </fileTransfer>
      </webServer>
    </option>
  </component>
</application>