<keymap version="1" name="Visual Studio copy" parent="Visual Studio">
  <action id="ActivateStructureToolWindow">
    <keyboard-shortcut first-keystroke="alt 7" />
    <keyboard-shortcut first-keystroke="ctrl r" />
  </action>
  <action id="CloseContent">
    <keyboard-shortcut first-keystroke="ctrl f4" />
    <keyboard-shortcut first-keystroke="ctrl w" />
  </action>
  <action id="Console.TableResult.EditValue">
    <keyboard-shortcut first-keystroke="enter" />
    <keyboard-shortcut first-keystroke="alt enter" />
  </action>
  <action id="Console.TableResult.NavigateExportedAction" />
  <action id="Console.TableResult.Reload" />
  <action id="Debugger.AddToWatch">
    <keyboard-shortcut first-keystroke="shift ctrl w" />
  </action>
  <action id="EditorSelectWord" />
  <action id="EditorUnSelectWord" />
  <action id="FindUsages">
    <keyboard-shortcut first-keystroke="shift ctrl r" />
  </action>
  <action id="GotoNextError" />
  <action id="LocalHistory.ShowHistory">
    <keyboard-shortcut first-keystroke="ctrl alt l" />
  </action>
  <action id="LocalHistory.ShowSelectionHistory">
    <keyboard-shortcut first-keystroke="shift ctrl alt l" />
  </action>
  <action id="PublishGroup.Upload">
    <keyboard-shortcut first-keystroke="alt s" />
  </action>
  <action id="RenameElement">
    <keyboard-shortcut first-keystroke="shift f6" />
    <keyboard-shortcut first-keystroke="f2" />
  </action>
  <action id="ReplaceInPath" />
  <action id="RevealIn">
    <keyboard-shortcut first-keystroke="alt e" />
  </action>
  <action id="ShowReformatFileDialog" />
  <action id="SwitchApply">
    <keyboard-shortcut first-keystroke="shift alt enter" />
  </action>
  <action id="SwitchDown">
    <keyboard-shortcut first-keystroke="shift alt down" />
  </action>
  <action id="SwitchLeft">
    <keyboard-shortcut first-keystroke="shift alt left" />
  </action>
  <action id="SwitchRight">
    <keyboard-shortcut first-keystroke="shift alt right" />
  </action>
  <action id="SwitchUp">
    <keyboard-shortcut first-keystroke="shift alt up" />
  </action>
  <action id="Tool_External Tools_Copy Server Dir Path">
    <keyboard-shortcut first-keystroke="alt d" />
  </action>
  <action id="Tool_External Tools_Copy Server Path">
    <keyboard-shortcut first-keystroke="alt c" />
  </action>
  <action id="Tool_Open_RelativePath">
    <keyboard-shortcut first-keystroke="alt c" />
  </action>
  <action id="UML.ApplyCurrentLayout" />
  <action id="XDebugger.RemoveAllWatches">
    <keyboard-shortcut first-keystroke="shift ctrl q" />
  </action>
</keymap>