<toolSet name="External Tools">
  <tool name="Copy Server Path" showInMainMenu="true" showInEditor="true" showInProject="true" showInSearchPopup="true" disabled="false" useConsole="false" showConsoleOnStdOut="false" showConsoleOnStdErr="false" synchronizeAfterRun="false">
    <exec>
      <option name="COMMAND" value="php" />
      <option name="PARAMETERS" value="-r &quot;system('echo|set /P ='.str_replace(['E:\csmp','\\'],['/opt/csmp','/'],'$FilePath$').'|clip');&quot;" />
      <option name="WORKING_DIRECTORY" value="$ProjectFileDir$" />
    </exec>
  </tool>
  <tool name="Copy Server Dir Path" showInMainMenu="true" showInEditor="true" showInProject="true" showInSearchPopup="true" disabled="false" useConsole="false" showConsoleOnStdOut="false" showConsoleOnStdErr="false" synchronizeAfterRun="false">
    <exec>
      <option name="COMMAND" value="php" />
      <option name="PARAMETERS" value="-r &quot;system('echo|set /P ='.str_replace(['E:\csmp','\\'],['/opt/csmp','/'],'$FileDir$').'|clip');&quot;" />
      <option name="WORKING_DIRECTORY" value="$ProjectFileDir$" />
    </exec>
  </tool>
</toolSet>